model,accuracy_mean,accuracy_se,log_loss_mean,log_loss_se,auc_mean,auc_se,brier_mean,brier_se
null,0.8204301075268818,0.04020340812347561,0.635857134378356,0.02680915627958943,0.5,0.0,0.1326958074237139,0.018435683819025887
lr,0.8204301075268818,0.04020340812347561,0.6356473829544746,0.02676310367379688,0.4694444444444444,0.05020899882103037,0.13197116441234708,0.0183497457411976
no_learn,0.7908602150537635,0.047812599065904474,0.6366909014585712,0.02567882506096813,0.5472222222222223,0.049278301208723056,0.16382796135090252,0.0191798426131089
full,0.7844086021505378,0.04586182225624775,0.6800971539773556,0.03126608934632031,0.30277777777777776,0.08591888426720483,0.15568829640677842,0.02142095643433958
