model,accuracy_mean,accuracy_se,log_loss_mean,log_loss_se,auc_mean,auc_se,brier_mean,brier_se
null,0.7732026143790849,0.06146329130943055,0.5415147536177014,0.059488973653169595,0.5,0.0,0.17771318857166368,0.027621155203833164
lr,0.7398692810457517,0.06807080206159881,0.5886076483492757,0.03369741459326239,0.5851934523809523,0.093650297749099,0.19996953681724458,0.01640591431157162
no_learn,0.5073937908496732,0.09485139465647995,0.8165051614804728,0.09700180665780249,0.5812872023809523,0.09534139934214456,0.3018249683297158,0.04114293691037151
full,0.7784376571141276,0.046600050276520866,0.4654436672431898,0.07477612762108464,0.6964657738095238,0.04638826625931921,0.1571790363759988,0.02885602445261142
